{
  "overall": {
    "base_sft": {
      "mean": 0.2201700719171436,
      "median": 0.21213552960684162,
      "std": 0.09360938638833156
    },
    "sft_dpo": {
      "mean": 0.1929457630412425,
      "median": 0.19463120069669118,
      "std": 0.06721105001428733
    },
    "base_dpo": {
      "mean": 0.18868653067197325,
      "median": 0.16976071145193533,
      "std": 0.08741574422303741
    }
  },
  "per_prompt": {
    "base_sft": {
      "1": 0.12008058279990022,
      "2": 0.10784345912222085,
      "3": 0.2703785984149124,
      "4": 0.09086833526333395,
      "5": 0.2120504532015819,
      "6": 0.2002054401941869,
      "7": 0.1532331563426418,
      "8": 0.3815577370465978,
      "9": 0.2580273011446458,
      "10": 0.3830716941451947,
      "11": 0.3486212635220986,
      "12": 0.3087261139617048,
      "13": 0.1439078107205019,
      "14": 0.2748404266447265,
      "15": 0.09582223014237892,
      "16": 0.18892699248786204,
      "17": 0.23133490195217804,
      "18": 0.21494985613391798,
      "19": 0.2815685696113577,
      "20": 0.4026829473988338,
      "21": 0.2685993591740927,
      "22": 0.2995520062215458,
      "23": 0.17885007887008347,
      "24": 0.19132030436505207,
      "25": 0.08595947656254374,
      "26": 0.24667644588180554,
      "27": 0.15718741776398237,
      "28": 0.2631714540825727,
      "29": 0.17480411324183692,
      "30": 0.1351379568984585,
      "31": 0.17531031232867364,
      "32": 0.08972447609797449,
      "33": 0.10623493775194462,
      "34": 0.3330463388001748,
      "35": 0.1440550019509505,
      "36": 0.23645666257044257,
      "37": 0.14478226382480713,
      "38": 0.21222060601210135,
      "39": 0.22737710813058543,
      "40": 0.46763868590533897
    },
    "sft_dpo": {
      "1": 0.11172211590667155,
      "2": 0.13906918074391939,
      "3": 0.22744466080640574,
      "4": 0.12372131913674632,
      "5": 0.2542706835704147,
      "6": 0.14412082651491218,
      "7": 0.08387382153755069,
      "8": 0.11447409149301235,
      "9": 0.21202816844266048,
      "10": 0.3040813291396292,
      "11": 0.3358745097160012,
      "12": 0.23645151734086967,
      "13": 0.1543429375623866,
      "14": 0.18437119965111923,
      "15": 0.2633798240033179,
      "16": 0.18795381725271865,
      "17": 0.16478262571743257,
      "18": 0.16207149408395627,
      "19": 0.24376413091562188,
      "20": 0.2821061411459431,
      "21": 0.20130858414066372,
      "22": 0.23220524774702148,
      "23": 0.0816642083544512,
      "24": 0.23849683229938856,
      "25": 0.1217811708309558,
      "26": 0.2897217786641589,
      "27": 0.14561708834031234,
      "28": 0.24127813458459435,
      "29": 0.1878741513975487,
      "30": 0.09497082661607115,
      "31": 0.12298171974948688,
      "32": 0.10217326969257388,
      "33": 0.11099548365586154,
      "34": 0.2207275709354724,
      "35": 0.1351660795334565,
      "36": 0.2731609557308684,
      "37": 0.24330676816413005,
      "38": 0.23609596832822893,
      "39": 0.2628279933038132,
      "40": 0.24557229489935253
    },
    "base_dpo": {
      "1": 0.11909942394454473,
      "2": 0.11370368414922327,
      "3": 0.17076577031715295,
      "4": 0.1253288843716305,
      "5": 0.14858475760411727,
      "6": 0.09542298504307428,
      "7": 0.1532872790101824,
      "8": 0.38603930367947575,
      "9": 0.2153222205488676,
      "10": 0.3358470018202353,
      "11": 0.05930233694911913,
      "12": 0.17095967570005188,
      "13": 0.12135475366911598,
      "14": 0.3011619951619471,
      "15": 0.28582702801613136,
      "16": 0.1198680257475479,
      "17": 0.23555694825318135,
      "18": 0.20655613241560378,
      "19": 0.1809254735663939,
      "20": 0.34630601985334064,
      "21": 0.2977909727111016,
      "22": 0.3382357160468994,
      "23": 0.18479140345436973,
      "24": 0.18738249044842342,
      "25": 0.13008268441664855,
      "26": 0.1858520212030335,
      "27": 0.09902587626289092,
      "28": 0.1996234598608787,
      "29": 0.12251224315844607,
      "30": 0.12233934766775201,
      "31": 0.14947903341611649,
      "32": 0.06103179134579706,
      "33": 0.10151951535607755,
      "34": 0.2373339896391254,
      "35": 0.1540591954431645,
      "36": 0.1797630761970339,
      "37": 0.1687556525867177,
      "38": 0.15311526444056778,
      "39": 0.15855359337226427,
      "40": 0.42499420003068417
    }
  }
}